baseMean	log2FoldChange	lfcSE	stat	pvalue	padj	ensembl_gene_id	hgnc_symbol	gene_biotype	entrezgene	log10.padj
67.6438598241209	9.25948489848804	2.17356377903007	4.26004747954532	2.04383482519561E-05	0.00436750609204942	ENSG00000260566	AC127459.1	3prime_overlapping_ncRNA		2.35976648056562
472.565452737762	-8.09795230517184	1.13325191830236	-7.14576536283546	8.94958190514012E-13	4.07402867485788E-09	ENSG00000282024	AL009031.1	antisense		8.38997591856395
283.953651146909	-6.44342095043965	1.15293860281832	-5.58869391196454	2.28783806703486E-08	2.26406444538175E-05	ENSG00000255234	AP000446.1	antisense		4.64511121534801
63.1578580133403	-6.3530288525383	1.32370994022231	-4.79941160785673	1.59132448723731E-06	0.000696541089500161	ENSG00000250328	MGC32805	antisense	153163	3.15705325911535
35.7768618969	-8.03684448806388	1.69371795721625	-4.74509020455389	2.08413438871161E-06	0.000765426352188614	ENSG00000224087	AC018865.1	antisense		3.11609658991255
79.2458004096379	-7.46765996449364	1.58562423346634	-4.70960256968864	2.48200285894256E-06	0.000855952531399871	ENSG00000253348	AC008514.1	antisense		3.06755031934472
175.229185664667	-4.39144242060852	1.01511551994461	-4.32605189687982	1.51805671509673E-05	0.00349800785211769	ENSG00000225889	AC012368.1	antisense		2.45617921997811
23.1457820726243	-5.36079018975508	1.28802215000025	-4.16203260926377	3.15427292855701E-05	0.00588478738744968	ENSG00000258422	AL160191.1	antisense		2.23026922324117
183.346458081096	-7.31875671625334	1.79381327731529	-4.07999918877118	4.50358579451209E-05	0.00764971016932012	ENSG00000249532	AC106864.1	antisense	109864269	2.11635501899663
17.9198466281177	-4.31339717054517	1.12609001602905	-3.83041951278067	0.000127924973305197	0.0158390351960497	ENSG00000184809	B3GALT5-AS1	antisense	114041	1.80027127614255
54.5198572191537	-10.6641425525717	2.99801256776277	-3.55707066315927	0.000375013305819034	0.0346978774542562	ENSG00000276888	AL512624.2	antisense		1.45969709114855
268.925348999606	5.44166334706576	1.5392782942814	3.53520436641132	0.000407459896228597	0.0368023599129329	ENSG00000235978	AC018816.1	antisense		1.43412433175301
60.8361166080291	6.29136471747465	1.78212209160742	3.53026582583915	0.000415142333269014	0.0373480420851227	ENSG00000230061	TRPM2-AS	antisense		1.4277321604862
32.7788721777632	2.7148085365044	0.773700805804341	3.50886093970405	0.0004500301374402	0.0397020773576604	ENSG00000255031	AP002807.1	antisense		1.40118676876924
6.95526564305313	-4.63065468356943	1.32168147333042	-3.50360868106969	0.000458999313662806	0.0401818591472274	ENSG00000229191	AL358473.1	antisense		1.39596997304564
189.745677930044	6.33891770804214	1.736077780663	3.65128669846884	0.000260929760073093	0.0263956545289941	ENSG00000211952	IGHV4-28	IG_V_gene		1.57846756439589
129.278742437985	-7.91686391905361	0.773559550333251	-10.2343302666783	1.39154633639166E-24	3.16729861626106E-20	ENSG00000236532	LINC01695	lincRNA	101927973	19.499310988955
1512.20742202959	-7.49461701806398	0.978621698289247	-7.65833930635864	1.88352719204026E-14	2.14354812090142E-10	ENSG00000275216	AL161431.1	lincRNA		9.66886676248814
424.222170649533	-8.12732887684041	1.14900765351586	-7.07334616264001	1.51241574212699E-12	5.73734911775875E-09	ENSG00000260834	AC009055.2	lincRNA		8.24128872248935
422.121855918932	-9.85893593940082	1.46890957591085	-6.71173780951589	1.92320038356309E-11	4.37739639302795E-08	ENSG00000234787	LINC00458	lincRNA	100507428	7.35878412427792
99.5628250278281	-7.6477299485874	1.18737330978144	-6.44088079594369	1.18782138732691E-10	2.25300021641232E-07	ENSG00000254934	LINC00678	lincRNA		6.64723876655994
54.0875150389155	-7.63415807027357	1.25361598978084	-6.08971019235976	1.13115263682365E-09	1.60913532292144E-06	ENSG00000234722	LINC01287	lincRNA	103724390	5.79340743164565
45.5211397428989	-7.40232175194608	1.25981849870399	-5.87570492063821	4.21047752908053E-09	5.043930475758E-06	ENSG00000253507	AC104257.1	lincRNA		5.29723090826128
90.431015108034	-7.25734975088899	1.28438640290238	-5.65044112464073	1.60036613943875E-08	1.82129668498827E-05	ENSG00000215866	LINC01356	lincRNA	100996702	4.73961930288266
46.7451069360041	22.5650812792295	4.0990272386684	5.50498446713421	3.6920081977622E-08	3.50140827455273E-05	ENSG00000281591	DBET	lincRNA	100419743	4.45575724626226
152.143507211319	-7.7126307848501	1.4506225477399	-5.31677299299294	1.05623706870756E-07	8.29000411063887E-05	ENSG00000251292	ERVH-1	lincRNA		4.08144525410264
75.1336436045024	-7.1096041047691	1.42227547518677	-4.99875321539625	5.7702196016282E-07	0.000345620969349104	ENSG00000282012	AP000357.2	lincRNA		3.46139991608801
36.6845508191605	-5.21507203506026	1.07431897033076	-4.85430507985414	1.20809630864448E-06	0.000572864168355354	ENSG00000225768	AL161646.1	lincRNA	101927523	3.24194834125573
12.1595565207084	-7.0594169425718	1.47938620506792	-4.77185532647824	1.82536605233663E-06	0.000753637991030329	ENSG00000280809	LINC00836	lincRNA	101929052	3.1228372167983
185.058995227388	-6.47521161352241	1.37250365156544	-4.71781011739892	2.38396838425453E-06	0.000847836006156523	ENSG00000236673	AL117378.1	lincRNA		3.07168814362644
16.1373343599975	-6.07262751142196	1.32253273921705	-4.59166516740977	4.39723441899559E-06	0.00139007573070498	ENSG00000259485	LINC02253	lincRNA		2.85696153893197
164.540078905151	-7.72518312814712	1.69194155248016	-4.56586878951169	4.97429847211263E-06	0.00148973694110205	ENSG00000254339	AC064802.1	lincRNA		2.82689041287225
13.2533947496014	-6.14953695115821	1.35665797473501	-4.53285726076935	5.81911396085618E-06	0.00170643832264526	ENSG00000248605	AC022140.1	lincRNA		2.76790940420274
26.1027688968163	-8.12145590822048	1.81990989096889	-4.46255935446165	8.09864853099539E-06	0.00207116111476389	ENSG00000236714	LINC01844	lincRNA	101926975	2.6837861162049
122.006329762177	-3.99570934649683	0.931787969908415	-4.28821735795705	1.80112798808916E-05	0.00398014312008711	ENSG00000280623	PCAT14	lincRNA		2.40010131105532
36.2173196796752	-6.17387561514834	1.47682881469951	-4.18049509441927	2.90875086975793E-05	0.00551717321221335	ENSG00000238266	LINC00707	lincRNA	100507127	2.25828338110886
76.3674748413441	-6.77324802529653	1.63493184454765	-4.14283203785203	3.43043185944134E-05	0.00624640476421955	ENSG00000255666	AP000943.2	lincRNA		2.20436987710687
9.14158482244129	-7.06107401775469	1.70921721349766	-4.13117417844468	3.60914975947972E-05	0.00646833525004078	ENSG00000224294	PINCR	lincRNA	101927501	2.18920747895277
13.3026570584734	-5.78162965598578	1.4129741266914	-4.09181565802904	4.28008835865237E-05	0.00738023417661263	ENSG00000233864	TTTY15	lincRNA	64595	2.13192985768954
92.7039703417541	-6.72298438742074	1.7011214628169	-3.9520895681888	7.74717308230108E-05	0.0113563336438456	ENSG00000256288	AC022075.2	lincRNA		1.94476185658714
91.2128120166596	-5.04193561002428	1.28909057914497	-3.91123454906366	9.18255429122118E-05	0.0124760736976921	ENSG00000215808	LINC01139	lincRNA	339535	1.90392206847673
78.8172115394753	-6.17151868188091	1.65621360293021	-3.72628184611099	0.000194325106826956	0.021471037652856	ENSG00000258616	LINC02303	lincRNA		1.66814696646175
8.65377051766137	-4.94491089619153	1.33448154551036	-3.70549215373405	0.000210980661436242	0.0224863050516331	ENSG00000255021	AC093496.1	lincRNA		1.64808190194637
30.1236352838071	-5.61402601392516	1.5184503779475	-3.6972074263722	0.000217984223283091	0.0229700875284557	ENSG00000232301	LNCPRESS1	lincRNA	101927721	1.63883734990498
263.469122168096	-2.06720321512717	0.558948606437309	-3.69837797486131	0.000216981618241254	0.0229700875284557	ENSG00000281398	SNHG4	lincRNA		1.63883734990498
19.0222910925094	-3.88711111574844	1.05170034230222	-3.69602534048756	0.000219001123398578	0.0229708966344472	ENSG00000266554	LINC01443	lincRNA	400644	1.63882205244134
10.3303858670769	-6.73998674453694	1.82702705950239	-3.68904593365609	0.000225096580688339	0.0232882876047604	ENSG00000217455	AC073316.1	lincRNA		1.63286244410355
13.3023076957072	-7.11684809334451	1.9423097316234	-3.66411596331558	0.00024819432614835	0.0252194243636723	ENSG00000229205	LINC00200	lincRNA	399706	1.59826483047244
18.5679539392292	5.4800611336061	1.51317345164951	3.62156838506008	0.000292822376351516	0.0287281470178312	ENSG00000232638	AL390294.1	lincRNA		1.54169238535102
21.4855150700539	-5.88467365846733	1.6384556109379	-3.59159785543338	0.000328656725657467	0.0314309064398723	ENSG00000233056	ERVH48-1	lincRNA	90625	1.50264309412852
299.176378472509	3.02935126523304	0.868101847563222	3.48962656137236	0.000483695956720005	0.041080781319211	ENSG00000197308	GATA3-AS1	lincRNA	399717	1.38636130510896
19.3664299948813	-3.71696177665985	1.06514782169727	-3.48962059626336	0.000483706752495432	0.041080781319211	ENSG00000267696	ERVK-28	lincRNA		1.38636130510896
5.76691955201658	-5.33983685952909	1.53251997217845	-3.48435058365902	0.000493332825371779	0.0415879571788409	ENSG00000267134	LINC01924	lincRNA	284294	1.38103241187229
247.92440959532	-4.17181478251934	1.20107427251669	-3.47340283442909	0.000513903400799124	0.042689617903609	ENSG00000249790	AC092490.1	lincRNA		1.36967773236159
170.342602589673	10.0179967213933	2.89100415835159	3.46523082384822	0.000529776566254186	0.0432195140663495	ENSG00000245526	LINC00461	lincRNA	645323	1.36432012036553
1635.8129683832	8.09312791981568	2.33794503283641	3.46164165801497	0.000536891488816291	0.0434916939674278	ENSG00000253802	SIRLNT	lincRNA	112543493	1.3615936765752
6.63761052710618	-3.46737246005719	1.01052289271746	-3.43126562005228	0.000600772031454175	0.0473154747679186	ENSG00000261642	AL713866.1	lincRNA		1.32499679779936
202.87609960795	-4.43479794912035	1.05128726561045	-4.21844541847961	2.45992501775039E-05	0.00482675459732902	ENSG00000233913	RPL10P9	processed_pseudogene		2.31634478109328
8.65718102564436	-4.43691863186109	0.879418895793889	-5.04528462270042	4.52846745585481E-07	0.00028631235489642	ENSG00000267432	DNAH17-AS1	processed_transcript		3.54315991098095
253.585935280501	-7.34282468163458	1.5397968415886	-4.76869706659421	1.85421235875833E-06	0.000753637991030329	ENSG00000261780	LINC02582	processed_transcript	100505817	3.1228372167983
13.6928525784994	-5.47819577522019	1.50331084908068	-3.64408716837924	0.000268342471442754	0.0267883464583708	ENSG00000230623	AC104461.1	processed_transcript		1.57205409289303
55.18190085044	-4.65396020842911	1.33298851240762	-3.49137308019497	0.000480544718659077	0.041080781319211	ENSG00000253154	AC100801.1	processed_transcript		1.38636130510896
1231.25046875223	-7.58468825996194	1.01368431158233	-7.48229816058068	7.30340128605769E-14	5.54109055573197E-10	ENSG00000132297	HHLA1	protein_coding	10086	9.25640475228851
685.346854640482	-10.1212506983473	1.41278008462287	-7.16406665730217	7.83182917104354E-13	4.07402867485788E-09	ENSG00000101441	CST4	protein_coding	1472	8.38997591856395
199.350767068521	-3.78981041574208	0.538279554085325	-7.04059886164902	1.91415339824558E-12	6.22400649963825E-09	ENSG00000067445	TRO	protein_coding	7216	8.2059299624908
227.108173287088	-9.12893759298402	1.32709756123365	-6.87887451507174	6.03272700403529E-12	1.71638624173559E-08	ENSG00000184697	CLDN6	protein_coding	9074	7.76538497535718
621.283767578137	-4.6388591354268	0.67833380468399	-6.83860822414397	7.99662420880042E-12	2.02234626240563E-08	ENSG00000154277	UCHL1	protein_coding	7345	7.69414448327645
9420.67358245621	-3.79055156894389	0.586476866994094	-6.46325845445846	1.02472049364603E-10	2.12033301417066E-07	ENSG00000115461	IGFBP5	protein_coding	3488	6.67359592451521
1863.89291643993	2.28555709890219	0.360459692950371	6.34067315597718	2.2876339770582E-10	4.00529515014014E-07	ENSG00000164081	TEX264	protein_coding	51368	6.39736547524661
1295.16123124827	-7.86813981004597	1.26805545643845	-6.204886205959	5.473649441863E-10	8.30571566308292E-07	ENSG00000204531	POU5F1	protein_coding	5460	6.08062294055912
1023.28396286078	-8.72191089049369	1.4507118018143	-6.01215960302095	1.83067949586793E-09	2.314894222525E-06	ENSG00000143768	LEFTY2	protein_coding	7044	5.63546884897573
44.3986258978985	-5.16663033050799	0.922962701330508	-5.5978755404308	2.16994437133189E-08	2.24500471981296E-05	ENSG00000160963	COL26A1	protein_coding	136227	4.64878274161542
65.2596909500017	22.9672392515159	4.09888941849234	5.60328345231713	2.10328843617623E-08	2.24500471981296E-05	ENSG00000261678	SCRT1	protein_coding	83482	4.64878274161542
308.367686187066	-7.7164309144454	1.40844004092096	-5.47870742825497	4.28444116031887E-08	3.90072661000071E-05	ENSG00000241186	TDGF1	protein_coding	6997	4.40885448699371
93.9877393754284	-6.59391668217734	1.21114363958553	-5.44437213445124	5.19884325543462E-08	4.55118735911336E-05	ENSG00000104327	CALB1	protein_coding	793	4.34187528548807
385.209528269613	-5.67176772470232	1.06168295591726	-5.34224242095145	9.18037680753313E-08	7.73905764875043E-05	ENSG00000240563	L1TD1	protein_coding	54596	4.11131191824004
137.713308603567	21.8111291867873	4.09878938365297	5.32135885629444	1.02995004468629E-07	8.29000411063887E-05	ENSG00000256514	AP003419.1	protein_coding		4.08144525410264
187.791305704711	-6.77194814407203	1.28638247961793	-5.26433487035937	1.40697793842939E-07	0.000106747416188638	ENSG00000111704	NANOG	protein_coding	79923	3.97164262823359
665.022024484569	1.88503449997964	0.359298331994532	5.24643264975781	1.55072500303099E-07	0.000113858231593511	ENSG00000114388	NPRL2	protein_coding	10641	3.94363556578307
96.8702971131997	-5.81732577320254	1.11789051623573	-5.20384213723472	1.95209849565193E-07	0.000138849105811043	ENSG00000166206	GABRB3	protein_coding	2562	3.85745691276342
51.1617402327913	-7.37918453223213	1.42185188828222	-5.18984051225415	2.10474277515944E-07	0.000145169849410315	ENSG00000144285	SCN1A	protein_coding	6323	3.8381235736801
1033.21357458817	-7.54268414849537	1.46640425588511	-5.14365947740834	2.69437724539164E-07	0.000180372707301056	ENSG00000131914	LIN28A	protein_coding	79727	3.74382917613589
317.753877872156	-2.36274425283124	0.470470942812209	-5.02208327406597	5.11140116211972E-07	0.000314434059056776	ENSG00000157193	LRP8	protein_coding	7804	3.50247041791481
52.3632166400782	-6.63369806977257	1.33216766890047	-4.97962698287656	6.37069419549684E-07	0.000349928306220957	ENSG00000100078	PLA2G3	protein_coding	50487	3.45602092536979
390.018189191347	-6.80930260520391	1.37045659122896	-4.96863793336032	6.74248308012029E-07	0.000349928306220957	ENSG00000121570	DPPA4	protein_coding	55211	3.45602092536979
4077.43889277726	-5.3729886639608	1.07975890666075	-4.97610034130418	6.48780251614425E-07	0.000349928306220957	ENSG00000154237	LRRK1	protein_coding	79705	3.45602092536979
35.6102767418482	-3.82204917796996	0.769333024751101	-4.96800352384001	6.76457338153952E-07	0.000349928306220957	ENSG00000155966	AFF2	protein_coding	2334	3.45602092536979
75.9189794128879	-8.6067055810195	1.73077069770441	-4.97275900986474	6.60066943411452E-07	0.000349928306220957	ENSG00000169906	S100G	protein_coding	795	3.45602092536979
51.6222796720595	-6.9410594923894	1.39559577472589	-4.97354579176245	6.57392361117519E-07	0.000349928306220957	ENSG00000198692	EIF1AY	protein_coding	9086	3.45602092536979
274.15071104812	-7.64163996577204	1.54927874589355	-4.93238546389836	8.12314127810248E-07	0.000410868485846424	ENSG00000206557	TRIM71	protein_coding	131405	3.386297168419
22.9781728104837	-4.07977811771319	0.829464048409947	-4.91857136609354	8.71781332994458E-07	0.00043136119391928	ENSG00000175697	GPR156	protein_coding	165829	3.36515892744111
58.7681145584154	-4.14895073200152	0.856738211784785	-4.84272870630841	1.28068093272018E-06	0.000594889361421307	ENSG00000164591	MYOZ3	protein_coding	91977	3.22556379761955
1559.31062120809	-5.72140196205514	1.19154274531101	-4.80167579767504	1.57343289326482E-06	0.000696541089500161	ENSG00000100867	DHRS2	protein_coding	10202	3.15705325911535
876.622604063682	-6.0236261342152	1.2598773436867	-4.78112108642943	1.74320319619144E-06	0.000734760147194694	ENSG00000137285	TUBB2B	protein_coding	347733	3.13385440751431
58.9417100801045	-4.05276989031148	0.84741569561673	-4.78250510496146	1.7312398922853E-06	0.000734760147194694	ENSG00000157150	TIMP4	protein_coding	7079	3.13385440751431
164.685770712809	3.04647977820834	0.640076460652411	4.75955603038918	1.94019260786175E-06	0.000765426352188614	ENSG00000004838	ZMYND10	protein_coding	51364	3.11609658991255
197.306818832934	-7.06095426760503	1.48632861718808	-4.75060103529686	2.02812928464435E-06	0.000765426352188614	ENSG00000133636	NTS	protein_coding	4922	3.11609658991255
7.80200869119527	-4.59679553191342	0.968764707164163	-4.74500722200078	2.08498896514626E-06	0.000765426352188614	ENSG00000135248	FAM71F1	protein_coding	84691	3.11609658991255
34.5784950121669	-6.1015936954019	1.28299558052896	-4.75574022857219	1.97720583305593E-06	0.000765426352188614	ENSG00000184344	GDF3	protein_coding	9573	3.11609658991255
118.525308792327	10.2017838319834	2.16124738003689	4.72032212795987	2.354714401841E-06	0.000847836006156523	ENSG00000259132	AL132780.3	protein_coding		3.07168814362644
204.321140030563	-3.67777721045978	0.780702569825788	-4.71085577607419	2.46678763446918E-06	0.000855952531399871	ENSG00000046653	GPM6B	protein_coding	2824	3.06755031934472
434.665550738164	-6.80745337538748	1.44997938694259	-4.69486217300068	2.66786542004511E-06	0.000906317683964876	ENSG00000243709	LEFTY1	protein_coding	10637	3.04271954602114
66.6324792562629	-3.23041789554496	0.692963980549325	-4.66173998392261	3.13547169923306E-06	0.00104950693156241	ENSG00000126970	ZC4H2	protein_coding	55906	2.97901468873536
762.79973651683	-4.41028412987275	0.948467951699649	-4.64990316432891	3.32090914830752E-06	0.00109546685687866	ENSG00000117115	PADI2	protein_coding	11240	2.96040075739351
219.098254659101	-2.40976788927299	0.519492171170403	-4.63869914313404	3.50609000207154E-06	0.00114003020767358	ENSG00000213190	MLLT11	protein_coding	10962	2.9430836408985
52.7573891388119	-4.72738614304998	1.02272172139073	-4.62235820768676	3.79402134495321E-06	0.00121627774411944	ENSG00000149948	HMGA2	protein_coding	8091	2.91496724005921
109.262575827992	-4.04586774088911	0.883592302957335	-4.57888522494799	4.67460601501287E-06	0.00143413228535671	ENSG00000138685	FGF2	protein_coding	2247	2.8434107871963
285.468651013558	-4.37026534341048	0.954912386898893	-4.57661394214714	4.72562371608249E-06	0.00143413228535671	ENSG00000230873	STMND1	protein_coding	401236	2.8434107871963
129.579966120431	-2.50936870737139	0.553722286432798	-4.53181814937827	5.84781816116737E-06	0.00170643832264526	ENSG00000151012	SLC7A11	protein_coding	23657	2.76790940420274
30.8633374935194	-5.24682801018467	1.15890203766366	-4.52741287845369	5.97102054453953E-06	0.00172033415967423	ENSG00000134207	SYT6	protein_coding	148281	2.76438718704176
219.079602689069	-3.06286935998351	0.678650879003451	-4.51317379044895	6.38646474606602E-06	0.00181702905106511	ENSG00000113924	HGD	protein_coding	3081	2.74063812903957
49.8865327308852	-6.67690280645846	1.48163070755644	-4.50645546991276	6.59195113087363E-06	0.001845495132373	ENSG00000158815	FGF17	protein_coding	8822	2.73388709594995
1440.3991013538	2.33368706553038	0.518063401858589	4.50463602940898	6.64867979678337E-06	0.001845495132373	ENSG00000178057	NDUFAF3	protein_coding	25915	2.73388709594995
467.103398303809	-3.97304793764092	0.884108649611888	-4.49384579529341	6.99482890767828E-06	0.00191818434659838	ENSG00000092421	SEMA6A	protein_coding	57556	2.71710965740352
51.1354460968878	4.62666931370735	1.0318213226031	4.48398304275697	7.32624868539913E-06	0.0019389854224229	ENSG00000127588	GNG13	protein_coding	51764	2.7124254559987
13.7984017881888	-6.516414015621	1.45326126972576	-4.48399345071013	7.325891157232E-06	0.0019389854224229	ENSG00000134873	CLDN10	protein_coding	9071	2.7124254559987
39.2919367767985	-6.0408567960635	1.34622835374984	-4.48724525763927	7.21500013309186E-06	0.0019389854224229	ENSG00000148408	CACNA1B	protein_coding	774	2.7124254559987
112.418343319667	-4.58895956179408	1.02505059030072	-4.47681275950272	7.57656429206518E-06	0.00198218597530684	ENSG00000179023	KLHDC7A	protein_coding	127707	2.70285560098069
510.244538112958	1.60318800846468	0.360120885218198	4.45180514174651	8.51514204141305E-06	0.00215347942227336	ENSG00000114395	CYB561D2	protein_coding	11068	2.66685927381354
81.960569680539	-7.11054258592376	1.60581259688753	-4.42800274434624	9.51096918252498E-06	0.00237889197322474	ENSG00000165349	SLC7A3	protein_coding	84889	2.62362527906303
6343.70933088314	7.60986038311647	1.73155979859187	4.3948007971223	1.10874379615438E-05	0.00274305625481193	ENSG00000138696	BMPR1B	protein_coding	658	2.56176528575898
357.3174650722	-5.78642639063094	1.31944906505037	-4.38548674890308	1.15726703383536E-05	0.00283231773732545	ENSG00000124939	SCGB2A1	protein_coding	4246	2.54785802787962
640.476038041502	5.41493919467625	1.23636793474999	4.37971500431319	1.18834622661386E-05	0.00287744132595299	ENSG00000186377	CYP4X1	protein_coding	260293	2.54099352332793
33.0325346837121	-7.47889992427646	1.71127831847727	-4.37035860474837	1.2404265556636E-05	0.00297193145615361	ENSG00000273079	GRIN2B	protein_coding	2904	2.5269612112498
53.9605644351601	-4.78429653053995	1.10151822934004	-4.3433657320464	1.40316248712126E-05	0.0032925135432337	ENSG00000147255	IGSF1	protein_coding	3547	2.48247242996084
74.7058284105845	-4.28901040771217	0.991551180572749	-4.32555625140269	1.52147435244344E-05	0.00349800785211769	ENSG00000079841	RIMS1	protein_coding	22999	2.45617921997811
25.7606010073444	-4.78012159649706	1.11259507731594	-4.29637133397064	1.73616662576096E-05	0.00395168885689453	ENSG00000172020	GAP43	protein_coding	2596	2.4032172576708
398.097287419787	-3.22961632664299	0.752486532960026	-4.29192574907457	1.77130184661365E-05	0.00398014312008711	ENSG00000143494	VASH2	protein_coding	79805	2.40010131105532
91.9511097626188	-7.1543623846148	1.66825848719045	-4.28852149684765	1.79866393596072E-05	0.00398014312008711	ENSG00000278961	SMIM34B	protein_coding		2.40010131105532
105.325798393783	6.80941218242434	1.59066624722681	4.28085539269846	1.8617631072597E-05	0.00404846765402147	ENSG00000145198	VWA5B2	protein_coding	90113	2.39270932624975
158.387699518293	-2.79364821250727	0.652697699566608	-4.28015636390669	1.86762050732505E-05	0.00404846765402147	ENSG00000152284	TCF7L1	protein_coding	83439	2.39270932624975
21.3367739756943	-3.8186243055568	0.896595198232254	-4.25902828063955	2.05317495650142E-05	0.00436750609204942	ENSG00000184905	TCEAL2	protein_coding	140597	2.35976648056562
288.198459391381	-4.33178532508875	1.01827332664812	-4.25404968560634	2.09938686216523E-05	0.00440811524729942	ENSG00000105852	PON3	protein_coding	5446	2.35574705966174
63.212877428625	-7.6745923045191	1.8072225590026	-4.24662267870022	2.17016976187374E-05	0.00445002107657732	ENSG00000136110	CNMD	protein_coding	11061	2.35163793207085
114.304794121412	-5.00352696639035	1.17777034366474	-4.24830442819729	2.15394566788722E-05	0.00445002107657732	ENSG00000136231	IGF2BP3	protein_coding	10643	2.35163793207085
292.009579206458	-5.01142049820541	1.1815363180634	-4.24144431414465	2.22085994392284E-05	0.0045133029628239	ENSG00000100033	PRODH	protein_coding	5625	2.34550551277579
92.3682106313985	-5.19602560189687	1.22585810408747	-4.23868438326702	2.24833482839392E-05	0.00452870345390035	ENSG00000160973	FOXH1	protein_coding	8928	2.34402611662136
161.261396002821	3.15571919569274	0.74621882825913	4.22894608952013	2.34788593875035E-05	0.00464697668277362	ENSG00000129295	LRRC6	protein_coding	23639	2.33282950668364
8.32615775487674	-3.78148998166777	0.894040854635939	-4.22966127561098	2.34043442537562E-05	0.00464697668277362	ENSG00000171243	SOSTDC1	protein_coding	25928	2.33282950668364
25.3740960811841	-4.13028395848693	0.980170421633449	-4.21384268217748	2.510621907825E-05	0.00488412523453033	ENSG00000156475	PPP2R2B	protein_coding	5521	2.31121320877954
37.470232513873	-6.35238426125055	1.50926953857518	-4.20891305289808	2.56602099268101E-05	0.00494959354359427	ENSG00000067048	DDX3Y	protein_coding	8653	2.30543046349509
680.821967100302	-3.74888902512677	0.892888554168813	-4.19860799830344	2.68560763063946E-05	0.00513673237655334	ENSG00000059804	SLC2A3	protein_coding	6515	2.28931306040254
184.857627027133	-4.46002452007143	1.06849311696183	-4.17412564411565	2.99132646088874E-05	0.00562690756828831	ENSG00000146938	NLGN4X	protein_coding	57502	2.24973021882718
11.3445775162221	-5.7715272629548	1.38756029114194	-4.15947854648169	3.18974977942972E-05	0.00590259306744715	ENSG00000117834	SLC5A9	protein_coding	200010	2.22895715658128
580.015893229174	6.66221412521049	1.60360920993705	4.15451226142061	3.25982137666945E-05	0.00598361244793334	ENSG00000108309	RUNDC3A	protein_coding	10900	2.22303654301368
21.6422463921021	-4.27667916957905	1.03457310566681	-4.13376217316477	3.56872771371006E-05	0.00644665170569482	ENSG00000152578	GRIA4	protein_coding	2893	2.19066579285402
9.87697270379497	-6.03982255460964	1.46457384493368	-4.12394538896272	3.72437233961597E-05	0.00662269053296868	ENSG00000106631	MYL7	protein_coding	58498	2.17896553831928
1729.02991468433	2.42835007435936	0.59024754509672	4.11412143012208	3.88656816170629E-05	0.00685753317275946	ENSG00000172037	LAMB2	protein_coding	3913	2.16383208285409
47.5766660704692	-4.21701302183955	1.02840643275721	-4.10053154814827	4.12202234205205E-05	0.00721702696364975	ENSG00000159217	IGF2BP1	protein_coding	10642	2.14164167212464
1273.91319003056	-3.98648491858225	0.973459302394431	-4.09517368499806	4.21852014085161E-05	0.00732959823862011	ENSG00000182372	CLN8	protein_coding	2055	2.13491982993353
112.447812851026	-5.97979603396074	1.46477105707604	-4.08241001559489	4.45710718620225E-05	0.00762768546354507	ENSG00000169174	PCSK9	protein_coding	255738	2.11760722389336
18.266648514317	-4.81662122625737	1.18203764277894	-4.07484588640817	4.60448296374036E-05	0.00776315827686624	ENSG00000106536	POU6F2	protein_coding	11281	2.10996155926118
23.1419342090559	-5.77592062353838	1.41895557003866	-4.07054367698138	4.69035458900084E-05	0.00784979123531235	ENSG00000188848	BEND4	protein_coding	389206	2.10514189313468
106.95913293421	-6.01615444016157	1.48292390882791	-4.05695424043482	4.97168180202822E-05	0.00825988682452295	ENSG00000136014	USP44	protein_coding	84101	2.08302590326338
141.698348111728	-6.28977726651117	1.55130625244839	-4.05450391022672	5.02408101676395E-05	0.00828645710308436	ENSG00000181449	SOX2	protein_coding	6657	2.0816311135345
23.3938188815294	-4.56023660515868	1.12685634545815	-4.04686597678483	5.19079411893613E-05	0.00849983201015146	ENSG00000139364	TMEM132B	protein_coding	114795	2.07058965755455
112.916977400423	-2.99891143282917	0.742110630102206	-4.04105710278823	5.32107985117741E-05	0.00865093560661779	ENSG00000161958	FGF11	protein_coding	2256	2.0629369206487
364.005391446292	-2.47015232801025	0.612814728154771	-4.03083055044721	5.55801037660667E-05	0.00890886437901017	ENSG00000166963	MAP1A	protein_coding	4130	2.05017765234495
448.152475572524	-2.9955285554567	0.744515209936326	-4.02346186549082	5.73488736481085E-05	0.00912809589583634	ENSG00000112964	GHR	protein_coding	2690	2.03961980605546
101.068857241135	-3.91676564949309	0.97759884266664	-4.00651625037644	6.16208875808742E-05	0.0096727794636433	ENSG00000072832	CRMP1	protein_coding	1400	2.01444871389259
209.714454942669	-6.23143388032176	1.55475808578941	-4.00797650597702	6.12412108187375E-05	0.0096727794636433	ENSG00000234068	PAGE2	protein_coding	203569	2.01444871389259
70.8583066708549	-6.23640925223511	1.55884061343677	-4.00067152374591	6.31629845145063E-05	0.00984693623653888	ENSG00000130182	ZSCAN10	protein_coding	84891	2.00669887432882
10.2745066559	-4.59311844090147	1.14918923813356	-3.99683384466889	6.41953258741067E-05	0.00993979464095607	ENSG00000137766	UNC13C	protein_coding	440279	2.00262258816012
11.42482094127	-4.08634970354932	1.02673549616264	-3.97994392793644	6.89315250616651E-05	0.0106010164995173	ENSG00000198216	CACNA1E	protein_coding	777	1.97465248954981
1096.74120891939	-3.83059064204977	0.965523435536624	-3.96737199850648	7.26695187670951E-05	0.0108817823464332	ENSG00000088305	DNMT3B	protein_coding	1789	1.96329996494807
10.1064282044941	-4.84081430799405	1.21909672892917	-3.97082052073596	7.16255239991401E-05	0.0108817823464332	ENSG00000095932	SMIM24	protein_coding	284422	1.96329996494807
18.5174576901694	-3.81655075931675	0.961722859966077	-3.9684517423776	7.23411026439586E-05	0.0108817823464332	ENSG00000105131	EPHX3	protein_coding	79852	1.96329996494807
63.4603837114691	-5.46327302537868	1.37671075147318	-3.9683521171986	7.23713458609655E-05	0.0108817823464332	ENSG00000106278	PTPRZ1	protein_coding	5803	1.96329996494807
1002.98558370454	2.01250640723896	0.508384190796891	3.95863294663897	7.5379978119098E-05	0.0112138802743058	ENSG00000114779	ABHD14B	protein_coding	84836	1.95024408498497
4043.95436956417	1.94028668357824	0.49109094874719	3.95097219471883	7.7834367929349E-05	0.0113563336438456	ENSG00000172057	ORMDL3	protein_coding	94103	1.94476185658714
93.6309012757108	2.32968058252311	0.589431922493942	3.95241671449692	7.73658600697618E-05	0.0113563336438456	ENSG00000260238	PMF1-BGLAP	protein_coding	100527963	1.94476185658714
253.679494372089	-5.28150383274346	1.3392084590924	-3.94375035259472	8.0217165300827E-05	0.0116029958210041	ENSG00000143632	ACTA1	protein_coding	58	1.93542986417373
43.1057542144995	-3.60468107498706	0.915607529560195	-3.93692816912345	8.25312978965679E-05	0.0118144331536087	ENSG00000151640	DPYSL4	protein_coding	10570	1.92758711060931
1104.17244381613	1.62305224028857	0.412465476887291	3.93500142736086	8.31962016980727E-05	0.0118351796678115	ENSG00000126062	TMEM115	protein_coding	11070	1.92682514473559
20.8442394514107	-3.79762847737721	0.967402687236251	-3.92559223525269	8.65166098865811E-05	0.0122310842088725	ENSG00000197565	COL4A6	protein_coding	1288	1.91253504377645
44.3663988042091	-5.23198844700086	1.33396716067313	-3.92212687181951	8.77707519776176E-05	0.0122917777566035	ENSG00000105668	UPK1A	protein_coding	11045	1.91038530067349
78.0637523090297	-4.66147742500718	1.18916649471481	-3.91995355210973	8.85660362937909E-05	0.0122917777566035	ENSG00000144331	ZNF385B	protein_coding	151126	1.91038530067349
3545.25929021095	1.63475788074817	0.41696762740799	3.92058705111083	0.0000883335193797998	0.0122917777566035	ENSG00000144746	ARL6IP5	protein_coding	10550	1.91038530067349
7.54899902981337	-7.0533866902755	1.80051020664415	-3.91743777083153	8.94951383143016E-05	0.0123454475343747	ENSG00000183878	UTY	protein_coding	7404	1.90849316185303
26.5201235154943	-4.26167478119205	1.08847710380193	-3.91526359746704	9.03054907174461E-05	0.0123821883989144	ENSG00000184261	KCNK12	protein_coding	56660	1.90720259234488
30.8612648700538	-3.53183126953303	0.903154785490804	-3.91054925055146	9.20864804363726E-05	0.0124760736976921	ENSG00000172318	B3GALT1	protein_coding	8708	1.90392206847673
212.687973640348	4.67317277114496	1.19593644327614	3.90754274394659	9.32395502729234E-05	0.0125575467678225	ENSG00000175920	DOK7	protein_coding	285489	1.90109519573107
331.721732074758	1.84106053981237	0.472788024841284	3.89405070153886	9.85840303898578E-05	0.0131992418570797	ENSG00000181894	ZNF329	protein_coding	79673	1.87945101324435
273.202927789816	6.37168943101758	1.6387896117318	3.88804602213964	0.000101054468624262	0.0134338473464657	ENSG00000150051	MKX	protein_coding	283078	1.8717995910503
6.39326582937646	-5.57067154207975	1.43317739238983	-3.88693791268268	0.000101516705926457	0.0134338473464657	ENSG00000158764	ITLN2	protein_coding	142683	1.8717995910503
39.1651003977319	-3.96966538639392	1.02341914335445	-3.87882659042567	0.000104961541317696	0.0138094198955612	ENSG00000133019	CHRM3	protein_coding	1131	1.8598245648282
183.960673648025	-2.17695219483428	0.564552299403947	-3.85606824581655	0.000115225331823504	0.0146739622764857	ENSG00000116852	KIF21B	protein_coding	23046	1.83345260173495
283.722502756627	-2.67122636174387	0.692529185536116	-3.85720402480361	0.000114691427016698	0.0146739622764857	ENSG00000133083	DCLK1	protein_coding	9201	1.83345260173495
22.0712581917394	-3.83614106922122	0.994919132419703	-3.85573153055314	0.000115384064209223	0.0146739622764857	ENSG00000150471	ADGRL3	protein_coding	23284	1.83345260173495
862.756122811242	1.77979829547508	0.46118602374142	3.85917656618534	0.000113769719421669	0.0146739622764857	ENSG00000160799	CCDC12	protein_coding	151903	1.83345260173495
1713.22629479073	1.62454987198423	0.421337655562455	3.85569590217512	0.00011540087199556	0.0146739622764857	ENSG00000174233	ADCY6	protein_coding	112	1.83345260173495
1018.10088184889	1.62120484121134	0.422243767009539	3.83949975790813	0.000123285251069502	0.0155809095730406	ENSG00000114383	TUSC2	protein_coding	11334	1.80740719293932
45.8323808277291	-2.54680002581462	0.663527522372887	-3.83827337968866	0.000123902492540765	0.0155809095730406	ENSG00000145358	DDIT4L	protein_coding	115265	1.80740719293932
104.195281720099	-3.16569573577352	0.825691038101006	-3.83399551369027	0.000126078441614237	0.0157674253273718	ENSG00000003096	KLHL13	protein_coding	90293	1.80223921709616
23.0847680228427	7.96429198766081	2.07934484643656	3.83019295780086	0.000128042813412115	0.0158390351960497	ENSG00000152467	ZSCAN1	protein_coding	284312	1.80027127614255
129.692406638549	-3.24878994465687	0.849501519255628	-3.82434859858003	0.000131118288856696	0.0161318020144177	ENSG00000101871	MID1	protein_coding	4281	1.79231711672725
206.732735106786	-5.1444522739466	1.34713574067394	-3.81880765139003	0.000134098270397672	0.0164097351210828	ENSG00000164756	SLC30A8	protein_coding	169026	1.78489842908588
474.964161517174	2.17881494690392	0.571303459952423	3.81376116133686	0.000136867745883502	0.016659073604569	ENSG00000139410	SDSL	protein_coding	113675	1.77834915296585
47.328247569984	2.75433907353767	0.723139531956314	3.80886253872243	0.000139607539260846	0.0169021659633837	ENSG00000101222	SPEF1	protein_coding	25876	1.77205763824602
158.184311821603	4.25848536158524	1.11876489435422	3.80641668600387	0.000140994758788956	0.01697979737987	ENSG00000185304	RGPD2	protein_coding	729857	1.77006749650251
117.759649608667	-6.37149546493903	1.68050116205937	-3.79142580129555	0.000149784899453916	0.0178784863972801	ENSG00000129824	RPS4Y1	protein_coding	6192	1.74766925159905
8.41028109236788	-4.51285911744297	1.19040673535715	-3.79102283564367	0.000150028157896424	0.0178784863972801	ENSG00000243978	RTL9	protein_coding	57529	1.74766925159905
632.612147199707	-1.61497555433676	0.426172291919969	-3.78948980249527	0.000150957007890014	0.0178837267229429	ENSG00000033867	SLC4A7	protein_coding	9497	1.74754197510599
343.335651995405	-1.77889386298087	0.469727288997303	-3.78707795916683	0.000152429286246251	0.0178837267229429	ENSG00000139668	WDFY2	protein_coding	115825	1.74754197510599
1892.47242478448	1.51305875191409	0.399438636768813	3.78796293757086	0.000151887499736218	0.0178837267229429	ENSG00000163344	PMVK	protein_coding	10654	1.74754197510599
39.0090604429473	-2.4838123238199	0.65609224941501	-3.7857669040208	0.000153235263090811	0.0178860914010767	ENSG00000186487	MYT1L	protein_coding	23040	1.74748455425678
1933.56466419843	1.14859568132437	0.303785946865914	3.78093750936852	0.000156238891518031	0.0181436398461321	ENSG00000169242	EFNA1	protein_coding	1942	1.74127558350973
93.8758073640715	-3.0337262476028	0.804184859361236	-3.77242397974576	0.000161669232220298	0.0184912230882723	ENSG00000078295	ADCY2	protein_coding	108	1.73303436180351
289.932157670831	-4.87071975765537	1.29068880355008	-3.77373673983867	0.000160820465552354	0.0184912230882723	ENSG00000126010	GRPR	protein_coding	2925	1.73303436180351
115.505296386498	-2.24394541647992	0.594752259136881	-3.77290776454785	0.000161355951284002	0.0184912230882723	ENSG00000198286	CARD11	protein_coding	84433	1.73303436180351
31.1939326590211	-3.46355935811636	0.919725416245936	-3.76586239429334	0.000165975190431425	0.0188888065470484	ENSG00000113205	PCDHB3	protein_coding	56132	1.72379548127378
57.0880559390617	-5.022070390952	1.3423613159915	-3.74122103425082	0.000183128372144309	0.0207372382008787	ENSG00000102230	PCYT1B	protein_coding	9468	1.68324908372257
4.58916040929245	-5.31715402274787	1.42329822862073	-3.73579754111022	0.000187121177505316	0.0210258668967656	ENSG00000070019	GUCY2C	protein_coding	2984	1.67724608919377
151.369951482198	7.01526259265289	1.87812125310955	3.73525542136214	0.000187524756383437	0.0210258668967656	ENSG00000079689	SCGN	protein_coding	10590	1.67724608919377
74.3766927851324	-6.41151885288685	1.71885830016218	-3.73010320413375	0.000191401354351605	0.0212511523238872	ENSG00000133980	VRTN	protein_coding	55237	1.67261751576251
224.027959301343	-1.53976626891108	0.412784318247677	-3.73019565144235	0.000191331137003848	0.0212511523238872	ENSG00000185339	TCN2	protein_coding	6948	1.67261751576251
16.5468542754545	-3.15697524829296	0.847518098539748	-3.72496499335217	0.000195342327970356	0.0214791629320448	ENSG00000165379	LRFN5	protein_coding	145581	1.66798264760365
309.380024027971	3.15225899139509	0.846988591278926	3.72172544453672	0.000197866097949506	0.021652068535715	ENSG00000185818	NAT8L	protein_coding	339983	1.664500606898
6.0407200721778	-6.73439958648747	1.81085760059266	-3.71890069339711	0.00020009169184303	0.0217908468805704	ENSG00000272921	AC005832.4	protein_coding		1.66172589098314
50.9941483897094	-4.70285274883801	1.26664420285624	-3.71284433168623	0.000204942951904633	0.0222128882300064	ENSG00000171724	VAT1L	protein_coding	57687	1.65339496865536
117.748651835419	-3.00160958116643	0.808805903217959	-3.71116181178212	0.000206310165291095	0.0222550979724674	ENSG00000113356	POLR3G	protein_coding	10622	1.6525704895051
40.1423385981841	-6.55061588395355	1.76582142767178	-3.70967062767524	0.000207529056200197	0.02228098513289	ENSG00000077009	NMRK2	protein_coding	27231	1.65206561115003
665.186597381723	1.44855862120357	0.390977348955154	3.70496813964977	0.000211417305085431	0.0224863050516331	ENSG00000068028	RASSF1	protein_coding	11186	1.64808190194637
58.3868942396067	5.50020481315979	1.48966756647186	3.69223640022351	0.000222290691940034	0.0232089836662712	ENSG00000159263	SIM2	protein_coding	6493	1.63434387711385
1073.39381959444	2.00535332231652	0.543509417817951	3.6896385905648	0.000224572860992188	0.0232882876047604	ENSG00000016864	GLT8D1	protein_coding	55830	1.63286244410355
1693.87400837466	1.5437892696013	0.41897174529207	3.68470973746715	0.000228963419059156	0.0235811600959522	ENSG00000113811	SELENOK	protein_coding	58515	1.6274348332156
1265.71307040965	3.01808358769525	0.821515052032337	3.67380193488707	0.000238967996068575	0.0245006781915173	ENSG00000184613	NELL2	protein_coding	4753	1.61082189397191
70.4607351519507	-4.59527314444532	1.25310641037351	-3.66710528842928	0.000245311804238412	0.0250383048263251	ENSG00000169894	MUC3A	protein_coding	4584	1.60139507759795
441.31841001574	-4.40208313026571	1.20602421331108	-3.65007856532167	0.000262160110650733	0.0264027711438997	ENSG00000109321	AREG	protein_coding	374	1.57835048868529
275.006479089032	-3.5118745582989	0.964933920393049	-3.63949746617717	0.000273170625397758	0.0270332026290364	ENSG00000102349	KLF8	protein_coding	11279	1.56810250029736
47.587395862042	-3.03177301118141	0.83282512501081	-3.64034767940276	0.000272270140585135	0.0270332026290364	ENSG00000135083	CCNJL	protein_coding	79616	1.56810250029736
379.052917743555	1.83779452779021	0.508058826562706	3.61728688038723	0.000297707279608276	0.0290820403054247	ENSG00000178537	SLC25A20	protein_coding	788	1.53637512799512
4.84106142569787	-6.19812305234944	1.71847059293793	-3.60676701586904	0.000310035801936992	0.0301569439653328	ENSG00000152910	CNTNAP4	protein_coding	85445	1.52061267096668
3700.56824912456	1.94503172155214	0.540036314485244	3.60166838670122	0.000316181522570899	0.030623862277601	ENSG00000114902	SPCS1	protein_coding	28972	1.51394003701886
16.3150610438279	-4.83540821734503	1.3450807093333	-3.59488332840766	0.000324536982053033	0.0312999417309706	ENSG00000167634	NLRP7	protein_coding	199713	1.50445647095008
1504.22444793182	2.33720759396218	0.65062807585432	3.59223292184749	0.000327856602526645	0.0314309064398723	ENSG00000178467	P4HTM	protein_coding	54681	1.50264309412852
26.5387301012667	-4.59231618548169	1.2797862181688	-3.58834633494701	0.000332782039376175	0.031560216659338	ENSG00000081051	AFP	protein_coding	174	1.50086002404209
6.86942605227336	-6.81539125272844	1.8991051593329	-3.58873821138083	0.000332282296984278	0.031560216659338	ENSG00000140835	CHST4	protein_coding	10164	1.50086002404209
51.9240332226407	-3.70641843600067	1.0347388341249	-3.58198447160366	0.000340994066024488	0.0322048379119642	ENSG00000170549	IRX1	protein_coding	79192	1.49207888232135
214.857207230017	-4.26816890320412	1.19292712019306	-3.57789577498528	0.000346371507816359	0.0325775284686287	ENSG00000183778	B3GALT5	protein_coding	10317	1.48708186702419
749.011850429671	1.54014697109809	0.430860229102167	3.57458606543349	0.000350782414142546	0.0328566194580185	ENSG00000099860	GADD45B	protein_coding	4616	1.48337712216246
951.789845196524	-2.66517541614291	0.747235982538991	-3.56671182654649	0.00036148862325256	0.0337206662043095	ENSG00000133424	LARGE1	protein_coding	9215	1.47210385379826
5.84764342066384	-3.65918252245126	1.0270034103398	-3.56297017674026	0.000366682351084196	0.0340655387470506	ENSG00000205639	MFSD2B	protein_coding	388931	1.46768473829596
16.8352546812323	-3.25834005916937	0.916791172471862	-3.55407006197954	0.000379318148759245	0.034954090623114	ENSG00000167754	KLK5	protein_coding	25818	1.4565019921332
94.5489937923724	-5.47281619173485	1.54221654975813	-3.54866908450254	0.000387183325977832	0.0352507187303257	ENSG00000116176	TPSG1	protein_coding	25823	1.45283202370996
14.8752387156752	-3.62443900939755	1.02126124895379	-3.5489831941734	0.000386721761071779	0.0352507187303257	ENSG00000116785	CFHR3	protein_coding	10878	1.45283202370996
334.34939424205	-2.97900903234256	0.839355626559033	-3.54916192622084	0.000386459354876816	0.0352507187303257	ENSG00000170542	SERPINB9	protein_coding	5272	1.45283202370996
106.295468432751	-6.0260353673798	1.70041218583486	-3.54386743260203	0.000394303454461839	0.0357559399482307	ENSG00000114248	LRRC31	protein_coding	79782	1.4466518007873
1791.96315143767	-1.04493597680287	0.296651304962509	-3.52243849705946	0.0004275962433233	0.0383170003711876	ENSG00000136485	DCAF7	protein_coding	10238	1.41660849680725
856.965605129704	-3.62539993464287	1.03060770003125	-3.517730300805	0.000435254483637782	0.03885030314541	ENSG00000100003	SEC14L2	protein_coding	23541	1.41060558808919
9.5049013849675	-4.26065649508954	1.2134805070966	-3.51110419176299	0.000446249456565481	0.0396761089097145	ENSG00000186766	FOXI2	protein_coding	399823	1.40147092628352
11.0978317630457	-4.71799160606407	1.3445700780486	-3.50892205850021	0.000449926735513	0.0397020773576604	ENSG00000183873	SCN5A	protein_coding	6331	1.40118676876924
66.0640799235838	2.54468993222444	0.726529521136655	3.50252791964086	0.000460865480553018	0.0401906482868477	ENSG00000143603	KCNN3	protein_coding	3782	1.39587498845514
36.0703766723792	-3.67802273795281	1.05210969899581	-3.49585479676057	0.000472545768814925	0.0410519627633454	ENSG00000018625	ATP1A2	protein_coding	477	1.38666607369893
40.5252442311265	3.94489338898948	1.12919633729716	3.49354072333599	0.000476660278072291	0.041080781319211	ENSG00000127903	ZNF835	protein_coding	90485	1.38636130510896
10.2010408378549	-4.7503214800992	1.36029339815837	-3.49213007027045	0.000479184841289805	0.041080781319211	ENSG00000164007	CLDN19	protein_coding	149461	1.38636130510896
200.78910327964	-2.98450135335603	0.854425884612926	-3.49299033082088	0.000477643803738148	0.041080781319211	ENSG00000183628	DGCR6	protein_coding	8214	1.38636130510896
51.149849417432	-3.14169134055252	0.901406250580499	-3.48532233776868	0.000491544518472849	0.0415879571788409	ENSG00000167654	ATCAY	protein_coding	85300	1.38103241187229
86.8462226454429	-2.58225376240589	0.741763664394013	-3.48123517820932	0.000499107053590836	0.0419194673312953	ENSG00000090530	P3H2	protein_coding	55214	1.37758424454887
6569.52688726108	1.72415644990668	0.495838499418798	3.47725408964343	0.000506577501358527	0.0423904798103729	ENSG00000232112	TMA7	protein_coding	51372	1.37273166770123
60.3325524046812	-3.33009168733802	0.958071949232495	-3.47582630929309	0.000509282009396907	0.0424606879702674	ENSG00000178947	SMIM10L2A	protein_coding	399668	1.37201297344674
972.549149914139	-1.77857992340499	0.512405572088042	-3.4710393881107	0.000518447945901322	0.0427550496255796	ENSG00000065183	WDR3	protein_coding	10885	1.36901258514598
231.783611802703	5.64977319562577	1.62753892453735	3.47135980003168	0.00051782965560412	0.0427550496255796	ENSG00000170577	SIX2	protein_coding	10736	1.36901258514598
490.510182962076	1.38918419194809	0.400673134244181	3.46712587697853	0.000526055477611804	0.0430703191579938	ENSG00000165757	JCAD	protein_coding	57608	1.3658219100335
1151.05209143248	-1.38556393627888	0.400264586117595	-3.46162009914065	0.000536934493425034	0.0434916939674278	ENSG00000062725	APPBP2	protein_coding	10513	1.3615936765752
131.619666409199	4.53713213038858	1.31199197078536	3.45820114102731	0.000543795227058904	0.043891216890382	ENSG00000120075	HOXB5	protein_coding	3215	1.35762237811033
99.2105967887202	-1.77155631564501	0.513167266601921	-3.45220054150347	0.000556034297077017	0.0447204828119081	ENSG00000060140	STYK1	protein_coding	55359	1.3494935163601
864.924883523076	-2.28625192207681	0.662519542935431	-3.45084450180457	0.000558835445178272	0.0447875125623333	ENSG00000100350	FOXRED2	protein_coding	80020	1.34884305701168
81.3826333044811	-3.7267275048456	1.08286255321533	-3.44155174059708	0.000578387845299927	0.0461837727487157	ENSG00000073792	IGF2BP2	protein_coding	10644	1.33551059248807
2686.58218760337	3.97404815439898	1.15530595831807	3.43982312718662	0.000582094463250296	0.0461837727487157	ENSG00000120875	DUSP4	protein_coding	1846	1.33551059248807
184.912276084528	-3.23967145092662	0.941845205833273	-3.43970689754736	0.000582344483057924	0.0461837727487157	ENSG00000198157	HMGN5	protein_coding	79366	1.33551059248807
25.4510253914182	-2.37007345154177	0.690081800726272	-3.43448189627289	0.000593687727032873	0.0469198831770667	ENSG00000134757	DSG3	protein_coding	1830	1.3286430778783
47.5724637540231	2.409020933938	0.702911371674646	3.42720438310544	0.000609829888533589	0.0475866213811689	ENSG00000142609	CFAP74	protein_coding	85452	1.32251512872935
474.059265257595	-2.69000027061095	0.784767892402645	-3.42776545352186	0.000608571000557264	0.0475866213811689	ENSG00000154734	ADAMTS1	protein_coding	9510	1.32251512872935
132.273442028464	1.45826988897276	0.425534680423851	3.42691196759864	0.00061048694887313	0.0475866213811689	ENSG00000159208	CIART	protein_coding	148523	1.32251512872935
7.78624577985482	-3.18508665607054	0.930812643640644	-3.42183432705949	0.000622002016613807	0.0483187300346309	ENSG00000180815	MAP3K15	protein_coding	389840	1.31588448883643
24.8627714530356	-3.11944157590868	0.913841379563813	-3.41354817769099	0.000641228200680467	0.0494745595786037	ENSG00000077264	PAK3	protein_coding	5063	1.30561806318389
3192.14424629367	1.51075800923491	0.442777285049177	3.41200431965954	0.00064487091326919	0.0495875231652704	ENSG00000112514	CUTA	protein_coding	51596	1.30462758363306
1425.158115826	1.34073689179788	0.393267627511303	3.40922262094749	0.000651482918829984	0.0497597406560043	ENSG00000124535	WRNIP1	protein_coding	56897	1.30312189182125
2544.36174900855	-8.72995711410393	1.38282452622413	-6.31313442056277	2.73439790804822E-10	4.44554505607753E-07	ENSG00000265992	ESRG	sense_intronic	790952	6.35207498377482
12.4439407217884	6.72957403343186	1.97113412015376	3.41406196799379	0.000640020170071359	0.0494745595786037	ENSG00000274266	SNORA73A	snoRNA		1.30561806318389
14.0890523773821	20.930822352395	4.10011810091906	5.10493157445958	3.30914231900758E-07	0.000215198252351233	ENSG00000206585	RNVU1-7	snRNA	26864	3.66716125994476
25.0402309205251	-6.72583043527502	1.50372263690427	-4.47278658325018	7.72068239312971E-06	0.00199693695397756	ENSG00000279773	AL050303.4	TEC		2.69963564618181
29.5568688110362	-2.36587119596051	0.543294573826007	-4.35467481167628	1.33264598038307E-05	0.00315962032911448	ENSG00000278864	AC055811.4	TEC		2.5003651005705
56.5778259615629	-3.62618710655781	1.06423743049648	-3.40731025112145	0.000656065070634687	0.0499421306779803	ENSG00000279882	AC112702.1	TEC		1.30153293331126
11.1894513337832	-4.40298059642413	0.90580282208545	-4.86085987929144	1.16876961940325E-06	0.00056600777249441	ENSG00000204118	NAP1L6	transcribed_processed_pseudogene	645996	3.24717760498089
494.027938424777	-2.51363038301995	0.691872297857918	-3.63308430009745	0.000280053471581054	0.0275943595959151	ENSG00000224081	SLC44A3-AS1	transcribed_processed_pseudogene	101928079	1.55917968049662
664.380089650386	-4.99709439435998	1.09109241831342	-4.57990020871408	4.65197833687217E-06	0.00143413228535671	ENSG00000233622	CYP2T1P	transcribed_unitary_pseudogene	171523	2.8434107871963
54.4715424804791	-4.5356518411935	0.938429811306187	-4.83323503425407	1.34332033666043E-06	0.000611506283654562	ENSG00000272281	TPTE2P2	transcribed_unprocessed_pseudogene		3.21359907592535
40.5724283600713	-7.90549276625658	1.66386035460633	-4.75129583102966	2.021171739203E-06	0.000765426352188614	ENSG00000223553	SMPD4P1	transcribed_unprocessed_pseudogene		3.11609658991255
14.2853361231967	6.77184699649857	1.59232107278729	4.25281503349368	2.11099934957004E-05	0.00440811524729942	ENSG00000267343	ZNF833P	transcribed_unprocessed_pseudogene		2.35574705966174
22.7230165946285	-5.17134112701829	1.2802665114239	-4.03926923095629	5.36179918195952E-05	0.00865531284968657	ENSG00000240253	FAR2P3	transcribed_unprocessed_pseudogene		2.06271722976005
588.506973392322	-4.61914142984519	1.19285328421148	-3.87234665904332	0.00010779249185337	0.0141003730291641	ENSG00000256612	CYP2B7P	transcribed_unprocessed_pseudogene	1556	1.85076939781522
267.22385541464	-3.9393460290155	1.13581515870883	-3.46829851566135	0.000523765121956037	0.0430376098947341	ENSG00000178162	FAR2P2	transcribed_unprocessed_pseudogene		1.36615185533309
129.325508134277	-10.1894940699862	1.67949030463379	-6.06701571415625	1.30308811923599E-09	1.74468168717238E-06	ENSG00000274330	AL160191.3	unprocessed_pseudogene		5.75828379742383
834.421391539868	-3.90407182671318	0.990183987685622	-3.94277414628593	8.05444989112364E-05	0.0116029958210041	ENSG00000237973	MTCO1P12	unprocessed_pseudogene		1.93542986417373
6.99659448818866	-4.28040481032236	1.17372417140313	-3.6468575109988	0.000265467034713607	0.0266180404278256	ENSG00000283047	FRG1FP	unprocessed_pseudogene		1.57482391966176
4.61528472978486	-5.47232137851315	1.5617514096843	-3.50396442390236	0.000458386591266339	0.0401818591472274	ENSG00000159712	ANKRD18CP	unprocessed_pseudogene		1.39596997304564
3.37392039833876	-5.2808814084411	1.54836341134102	-3.41062141468933	0.000648150191585267	0.0496718737733073	ENSG00000161132	AC007663.1	unprocessed_pseudogene		1.30388945679442
